{
  "val": {
    "split": "val",
    "mAP50": 0.5444594663690882,
    "mAP50-95": 0.4166126965034592,
    "precision": 0.667841968817861,
    "recall": 0.5221854147430921,
    "f1": 0.5638314891923654,
    "per_class_ap50": {
      "Bus": 0.6536681068630672,
      "Cargo Truck": 0.7172744910695813,
      "Dump Truck": 0.7367559681082201,
      "Excavator": 0.45706731048167026,
      "Small Car": 0.8619283759784875,
      "Tractor": 0.14571352445320768,
      "Trailer": 0.2516185150083904,
      "Truck Tractor": 0.4875630589810565,
      "Van": 0.8602322753662204,
      "other-vehicle": 0.2727730373809804
    },
    "per_class_ap50_95": {
      "Bus": 0.533932141242277,
      "Cargo Truck": 0.5797090959523971,
      "Dump Truck": 0.5951671487363454,
      "Excavator": 0.276492610797611,
      "Small Car": 0.6789389167215492,
      "Tractor": 0.1184534318420706,
      "Trailer": 0.19018165136579707,
      "Truck Tractor": 0.318432665495734,
      "Van": 0.6729810863497275,
      "other-vehicle": 0.201838216531084
    }
  },
  "test": {
    "split": "test",
    "mAP50": 0.5379416742062854,
    "mAP50-95": 0.41493835471253077,
    "precision": 0.6157623332243432,
    "recall": 0.5277063247750836,
    "f1": 0.5516052101674145,
    "per_class_ap50": {
      "Bus": 0.7102351251843456,
      "Cargo Truck": 0.7059054882749076,
      "Dump Truck": 0.7377436165038974,
      "Excavator": 0.5400891121351761,
      "Small Car": 0.8591808916966124,
      "Tractor": 0.26999851456020196,
      "Trailer": 0.3310064833222335,
      "Truck Tractor": 0.16960526315789473,
      "Van": 0.853294700080719,
      "other-vehicle": 0.2023575471468658
    },
    "per_class_ap50_95": {
      "Bus": 0.5948350994660041,
      "Cargo Truck": 0.5617054577416413,
      "Dump Truck": 0.5934187299116801,
      "Excavator": 0.3272009877012522,
      "Small Car": 0.6750528586458457,
      "Tractor": 0.20679917131380626,
      "Trailer": 0.2636962880481887,
      "Truck Tractor": 0.10480625660536884,
      "Van": 0.6687829602105386,
      "other-vehicle": 0.1530857374809817
    }
  }
}