{
  "val": {
    "split": "val",
    "mAP50": 0.5463488644587275,
    "mAP50-95": 0.41781314543742915,
    "precision": 0.6922734905872052,
    "recall": 0.5152342570018218,
    "f1": 0.567221655729705,
    "per_class_ap50": {
      "Bus": 0.6543176091578096,
      "Cargo Truck": 0.7170311766950385,
      "Dump Truck": 0.7348499689533827,
      "Excavator": 0.46082042633675663,
      "Small Car": 0.8619364770434742,
      "Tractor": 0.1563091311695249,
      "Trailer": 0.24894640318569358,
      "Truck Tractor": 0.49451782457885607,
      "Van": 0.8597671974788184,
      "other-vehicle": 0.27499242998792084
    },
    "per_class_ap50_95": {
      "Bus": 0.5324662535093149,
      "Cargo Truck": 0.579989817645796,
      "Dump Truck": 0.5952856842815366,
      "Excavator": 0.28076317662733075,
      "Small Car": 0.6796248238034719,
      "Tractor": 0.12823097321602797,
      "Trailer": 0.19019047920060628,
      "Truck Tractor": 0.3163855462858313,
      "Van": 0.6724685549423934,
      "other-vehicle": 0.202726144861982
    }
  },
  "test": {
    "split": "test",
    "mAP50": 0.5399118059664291,
    "mAP50-95": 0.41775674321387596,
    "precision": 0.6261587009123852,
    "recall": 0.5228697114608798,
    "f1": 0.5518315305075111,
    "per_class_ap50": {
      "Bus": 0.7070775324699763,
      "Cargo Truck": 0.7067365519063237,
      "Dump Truck": 0.7378974239803675,
      "Excavator": 0.5357781306295544,
      "Small Car": 0.8593881238645749,
      "Tractor": 0.26584734776745456,
      "Trailer": 0.33532879357782025,
      "Truck Tractor": 0.1941363816282189,
      "Van": 0.8532223385675282,
      "other-vehicle": 0.20370543527247184
    },
    "per_class_ap50_95": {
      "Bus": 0.5940848865884941,
      "Cargo Truck": 0.5616981523236859,
      "Dump Truck": 0.5932542721209828,
      "Excavator": 0.3258469354998993,
      "Small Car": 0.6754011839469432,
      "Tractor": 0.208629534422181,
      "Trailer": 0.26488048920742463,
      "Truck Tractor": 0.13055563472576232,
      "Van": 0.6689729489350433,
      "other-vehicle": 0.1542433943683435
    }
  }
}