{
  "val": {
    "split": "val",
    "mAP50": 0.5455796455102534,
    "mAP50-95": 0.41696466354719935,
    "precision": 0.7116098329420033,
    "recall": 0.5195464106718207,
    "f1": 0.5671753730650275,
    "per_class_ap50": {
      "Bus": 0.6458491238632991,
      "Cargo Truck": 0.7127436004068638,
      "Dump Truck": 0.7356520335411036,
      "Excavator": 0.4622911532896136,
      "Small Car": 0.8625163556118334,
      "Tractor": 0.1543024329289045,
      "Trailer": 0.2560108308269061,
      "Truck Tractor": 0.4916719813845212,
      "Van": 0.8608968732089055,
      "other-vehicle": 0.2738620700405825
    },
    "per_class_ap50_95": {
      "Bus": 0.5251531993652818,
      "Cargo Truck": 0.5771411440864532,
      "Dump Truck": 0.5953234065419599,
      "Excavator": 0.2800770925765658,
      "Small Car": 0.6803939100146803,
      "Tractor": 0.12468564500299464,
      "Trailer": 0.19162998471954096,
      "Truck Tractor": 0.3197128170953001,
      "Van": 0.6739242093527363,
      "other-vehicle": 0.20160522671647954
    }
  },
  "test": {
    "split": "test",
    "mAP50": 0.5344801828654326,
    "mAP50-95": 0.4144265681973224,
    "precision": 0.6062407690301055,
    "recall": 0.5237213577574795,
    "f1": 0.5468741565324554,
    "per_class_ap50": {
      "Bus": 0.6958045219287728,
      "Cargo Truck": 0.7038516719697973,
      "Dump Truck": 0.7377158971286694,
      "Excavator": 0.5419127351221618,
      "Small Car": 0.8594676506976908,
      "Tractor": 0.23943702313391185,
      "Trailer": 0.33668655953600024,
      "Truck Tractor": 0.1795114444679544,
      "Van": 0.8539366629779839,
      "other-vehicle": 0.1964776616913829
    },
    "per_class_ap50_95": {
      "Bus": 0.5884240939527868,
      "Cargo Truck": 0.5606273957258419,
      "Dump Truck": 0.5946522605967096,
      "Excavator": 0.32505082959597426,
      "Small Car": 0.6755121815473123,
      "Tractor": 0.18504623587513147,
      "Trailer": 0.2676261310747877,
      "Truck Tractor": 0.1295170855108683,
      "Van": 0.669906278671653,
      "other-vehicle": 0.14790318942215874
    }
  }
}