epoch,time,train/box_loss,train/cls_loss,train/dfl_loss,train/angle_loss,metrics/precision(B),metrics/recall(B),metrics/mAP50(B),metrics/mAP50-95(B),val/box_loss,val/cls_loss,val/dfl_loss,val/angle_loss,lr/pg0,lr/pg1,lr/pg2
1,155.649,4.75045,4.01516,2.78186,0.46616,3e-05,8e-05,0,0,2.90069,14.8936,1.56021,0.42495,0.00023744,0.00023744,0.00023744
2,296.182,1.94889,2.58099,1.32576,0.35837,4e-05,0.00028,0,0,1.6005,2.61486,1.26121,0.35853,0.000240097,0.000240097,0.000240097
